INN,
6315800523,
3525217070,
3525015806,
3525010519,
3525224461,
3525078034,
4205144794,
3329032820,
6163030330,
6730075190,
6315800869,
3525235311,
3525212385,
3525043641,
2308077190,
3525150114,
5190904730,
3328103281,
4101121190,
4101113953,
6315800932,
4826037040,
5902293210,
6163053257,
3525151968,
4825006353,
2540018454,
6163086510,
6730010926,
3808021568,
7107006311,
3904055009,
5902184588,
4629043253,
3123019399,
2540151390,
3328101799,
3905069558,
5260250234,
5260454365,
3525177331,
4347010475,
6501149676,
4632008611,
2901127253,
9102013904,
2020002560,
7107117861,
2801123720,
9102002405,
5902293851,
2308085917,
1513049758,
3525057122,
4347015963,
4205145396,
3328440760,
0901024085,
3808131923,
0603005601,
6732101015,
3123368978,
0105023439,
0278058317,
6730067520,
4101155713,
4101120936,
4028043682,
3906011007,
4101155858,
2308078236,
2540208208,
6730076740,
5902042833,
7453301834,
2307000068,
4345519958,
2801168320,
0602001481,
0105068052,
6234005020,
4345419223,
1435028645,
0901053054,
3666159906,
4345421582,
5836673897,
2540188311,
4345424664,
5024139667,
6829005700,
4909062523,
9500017552,
1655141501,
9102011897,
0917018707,
2540138254,
5836675975,
3525236499,
7107117893,
3906275521,
1515906542,
3808170979,
0901023677,
3906285632,
7451208332,
5407455868,
6501281730,
2721242680,
2540162240,
9500017834,
3123446048,
9500018500,
3525131538,
5260428380,
3808195282,
1700001770,
7325163755,
5902051147,
6452911715,
9001024441,
6501307555,
1655141766,
3328103228,
7451384218,
0900004135,
9001024635,
0900004128,
3123487929,
2801285111,
7451471703,
1435270935,
0917018697,
3500012930,
1435270928,
5260461806,
3500012923,
9001032001,
3500011983,
2634038135,
1654019570,
1001041065,
7325000951,
7704206201,
6661077317,
5503078637,
5503078620,
0274045532,
0562044550,
6315800971,
4207022150,
7536095945,
6163053715,
5000001451,
7325050230,
7325018444,
3808170859,
2308040000,
5321028984,
1655043416,
2801123618,
5902290917,
6316142531,
5190103603,
2308060599,
7536095695,
5836010385,
5190127273,
2721026023,
7453135778,
7706009270,
3015068159,
5503079180,
2460210378,
3015068790,
4826008459,
2634053310,
4345419230,
4629011325,
4027064224,
6163049814,
5321029970,
3327102260,
3664095238,
5321028705,
2901025815,
7604010540,
5190109972,
0814033848,
1101481581,
6501195305,
1831044979,
5836013019,
1831041689,
0323049109,
5200000021,
4200000630,
1326136577,
3327101468,
1654002946,
3905069237,
6501121832,
6452930299,
6730052443,
6501025409,
3015068230,
4205142998,
6661079554,
2634008758,
3664078987,
1831031666,
5836011445,
2128054356,
6501024966,
5191501950,
3666159529,
5190800097,
7536095303,
3666098668,
6661004608,
6831001090,
2460071533,
5260172882,
1654022036,
2128015830,
5503080925,
6950053604,
6901001459,
1200000881,
1831040300,
5406313324,
3808172165,
5260103127,
7107030748,
0602000061,
6661081169,
5190109651,
5902293308,
6231004349,
4027073613,
5836010508,
2221020369,
7604002902,
5612074110,
7536095952,
4027088360,
5902290931,
0602006930,
6660010415,
6501140384,
5902291090,
7604003600,
5906002581,
6163053585,
6501026642,
2128017900,
1901019947,
4205123000,
6905006271,
6905011546,
2221007858,
5321026264,
1700000456,
2540138350,
6905044950,
3666008262,
6450030101,
6831004943,
7725131814,
4345098756,
2633005994,
6164101986,
4207012190,
3123146439,
6730009960,
5260290572,
2309053058,
5321028960,
3015068215,
6455046666,
1654002248,
4632027163,
1831032420,
6831003241,
1001040590,
0562053748,
4629040037,
2540036171,
2312161984,
1660025250,
0105020396,
1435054074,
1901022869,
0323055529,
6500005657,
2020002810,
2801078570,
5504004726,
4826010313,
7107520252,
7604002275,
4825043926,
2225068499,
3905070063,
5504090235,
2540083421,
4100019852,
5260103110,
0562043732,
1701044664,
2128015420,
1001041280,
5191501290,
2901096894,
7453135626,
1101486283,
7325057605,
0541018037,
3666092419,
5260102878,
3123150996,
5836012921,
1701048891,
5191501244,
1901098931,
7604233716,
1654017170,
4826067782,
6903005931,
5000001162,
6234087093,
0411008542,
9102012139,
2721092530,
3811117260,
6950019730,
0608018202,
0816010028,
1215137504,
2901070303,
4101121224,
7107027495,
6730042526,
3664095189,
5018061444,
4345110989,
2130104830,
4101145761,
4345164254,
1200000874,
7604130238,
2634038760,
1101481969,
6901007877,
3525234212,
2221017310,
3664083641,
1215024638,
7604016214,
7107519810,
7604044726,
4909912837,
1501007545,
0323071048,
5321028938,
1200001123,
4629053100,
6829019043,
2221003564,
6905036004,
4909002450,
2635118217,
2308120720,
3666159487,
4101120943,
6455020996,
3015068462,
3123162110,
6315802231,
0274029019,
4101121129,
3123134585,
6315700600,
6905005775,
5321028776,
4909032670,
7453135827,
9102011880,
4825005085,
1101486491,
6658096119,
0901022881,
1435078406,
2538111008,
4027064200,
2538030581,
9102002660,
6730059833,
2308077000,
3808172327,
1001040512,
4909085721,
6231012766,
3808172408,
4629052593,
6661089658,
2901198751,
5836013393,
3650004304,
5024129524,
4825012212,
0602001273,
2308027802,
3525236925,
7107548681,
0711037858,
0572002887,
7714097791,
2634051351,
2225050251,
5321073088,
2801123696,
7536095430,
1701048813,
7536095230,
6950011724,
4027064295,
3808171299,
1700000431,
7604037302,
0608026500,
7705851331,
6317021402,
4347002114,
2540150332,
3808172140,
1101481133,
3329041870,
1001016083,
5610008401,
6730076902,
0711009240,
6315800805,
3015086493,
6905003320,
7604318222,
2540011280,
2128015438,
2020001983,
5191501798,
2901061980,
4632010314,
1901021086,
1901090185,
3329013633,
2901164135,
3327102888,
3123103668,
1901018326,
6829020507,
5321114249,
4823029482,
0275006462,
3328440752,
3329015373,
7604084334,
0411006231,
1326137309,
3905014118,
3906999637,
2721027316,
8107002975,
3329009299,
6450608375,
7325001151,
3123040802,
1326047197,
2700000176,
2636008697,
7704252261,
5190932544,
4909087951,
0323057290,
4826044489,
5902293192,
2801130936,
0411004883,
2128039728,
1001040110,
7303002440,
6670225804,
1001048092,
4101120911,
0814055440,
5836013555,
5190136260,
3328101767,
0411005460,
6315800964,
1101481380,
2721019555,
1101056516,
6231025123,
5406635579,
0323054892,
1501003484,
6234111980,
2721047591,
5406636117,
0814026720,
1300050318,
1901017682,
2466133419,
5000001469,
1435079270,
7453135506,
6227006368,
3123299185,
7453136098,
0602012733,
2901185216,
6732004533,
3328102873,
2225076644,
6163049444,
3015068832,
6500000761,
6166059867,
5406558540,
5902293675,
6661094873,
4028058495,
6671143248,
3015069057,
2634101115,
5190020918,
1831064781,
6730052450,
6829021123,
2127011180,
6829028721,
6501231673,
4027078890,
3015068529,
2634083314,
1660098481,
5016009103,
3664095502,
0562064034,
7705847529,
0274034308,
1901016488,
4205299903,
3123141039,
0411170545,
3664097718,
6316021270,
2020003853,
1101487463,
3015068399,
3666057069,
4826044418,
5260325419,
4825013424,
1326135968,
6950015221,
5902293467,
1001040375,
2020001415,
7536095737,
4632021108,
4345121500,
7710349494,
4101156001,
4826073200,
6950116540,
1840035307,
0711033902,
3123316994,
0323056515,
5610128762,
7451208364,
1325126625,
2901158036,
5190148202,
1659036508,
2027000820,
3329025607,
2465184114,
1831044305,
5902290642,
0411014994,
9102012869,
0816025842,
2308027369,
1701048884,
5503079310,
4632210320,
5902290586,
5000001050,
3666199458,
0323080765,
5503079976,
2721020984,
2721147726,
2014024069,
6730076839,
2721185778,
5503079101,
5503080121,
1001016090,
7706808297,
6163053539,
0901006079,
1101481729,
5836200114,
1435054525,
1101482970,
6231005198,
3664098214,
5406749953,
2901198776,
6732019709,
2225197543,
5024130463,
4027064263,
5836013682,
4205120384,
2721215327,
2901229495,
1654003139,
4826029850,
4632083619,
0562043933,
6730042156,
7453136193,
6501231666,
7706074737,
6670214400,
6450030341,
4101121288,
7325163762,
1435054518,
3905069389,
7453136570,
9102012202,
7536095590,
5834054235,
1700000424,
6450943609,
2020003469,
4826032469,
3808171820,
0572003961,
0278076612,
5260158694,
4101121016,
0411005397,
6950141890,
0411008380,
1831098082,
6234174540,
4346012984,
4205305240,
3328024424,
1326194466,
7707211418,
4027116024,
1831142969,
2801172728,
4101120816,
0411170520,
1831136972,
2466213777,
3664098260,
1435027673,
3906356940,
6950202790,
4345419216,
1325031476,
2466213960,
6658091960,
1501023924,
4205214064,
0711038428,
1901022065,
2020002539,
0608040060,
0105019827,
2901200111,
2538014734,
6501241093,
4345269810,
2014252890,
4909040576,
7705596339,
2128016248,
1101160228,
6234066600,
0274013386,
3808174613,
2636803695,
7604036179,
7325133662,
4826006839,
5902221423,
1901022636,
6027087722,
3702048922,
6027087659,
8601009644,
6027007117,
3728013000,
4401071292,
3445118595,
3702087985,
4501034600,
8601001885,
3445918954,
3728012906,
6027014851,
3444054540,
3702010407,
4501018214,
4501092828,
4401011825,
3728012825,
6027087592,
3731021516,
3444080684,
3444073790,
3444067813,
6027087514,
3728013346,
3444024859,
4401006423,
3444145099,
3728021266,
6027123226,
3729010595,
3444134770,
4501039905,
3728000883,
4500000060,
4401026324,
8601006883,
4401011720,
4501006970,
4501103572,
3444200423,
3702513915,
3702514210,
6027070422,
6027122335,
4401004514,
4401055340,
6027087602,
4401009368,
5753039990,
3729007176,
5753049903,
5753033773,
6027025892,
4501125382,
3444051490,
5751053083,
3444059322,
3445053806,
3728012511,
3442103030,
6027087666,
4401004835,
8601006322,
8601049397,
4500000214,
6027090066,
8601003258,
5753049702,
5753040072,
6027153661,
3702640857,
4501006392,
3728013018,
5752073580,
3444050369,
5753019000,
8601003963,
6027087761,
8601003917,
5751053076,
4501035844,
3702086910,
8601002141,
5753040026,
3445052810,
4401015844,
3460055950,
3729024414,
3460012716,
4501133979,
4501120698,
4401023588,
8601003240,
5753012290,
3444049941,
8601009482,
4443024537,
5753061308,
3729017960,
8601006241,
6027087867,
6027087585,
5752056337,
5753026800,
8601041817,
4401135059,
5753061040,
8601035002,
4401053670,
8601041920,
8601047819,
3702621660,
4401135612,
8601028608,
4401103674,
3444179637,
3702127518,
8601009620,
3702050914,
4501133337,
6027022330,
5753057037,
8601032989,
3702696137,
8601030727,
5753043330,
8601013023,
8601041969,
4401101451,
4401168336,
6027195492,
3444067980,
8601044416,
3444065566,
4501171815,
4401135620,
4401184088,
8601035281,
4401168294,
4501225443,
5752055728,
5753061403,
7825107928,
8601051460,
8601063930,
4703115838,
4401127139,
4501222499,
4500013358,
8601072660,
4401188854,
3444200430,
5753075692,
4401158190,
4705062885,
4703140560,
4401129947,
5700007530,
5752080675,
6000005779,
4400004720,
3702717764,
3444263286,
3444262540,
4401186455,
4500012467,
4401192762,
3700018376,
5700007473,
4500014859,
4500015972,
8601073664,
5700007466,
3460087334,
3700025574,
3444145099,
3702010407,
4401011825,
4401135620,
4501034600,
5753040026,
6027087722,
6027087761